{"metadata":{"asset_id":"1b70aa38-f105-4e48-8245-9551e542174e","asset_attributes":["notebook"],"name":"Complete the EDA with SQL lab","asset_type":"notebook","created_at":"2022-12-29T19:41:08Z","description":"","origin_country":"us","owner_id":"IBMid-666002M2T4","project_id":"f26aa8bb-c6a6-4b0b-bdc9-966dbe216843","size":26733,"tags":["notebook"],"usage":{"last_update_time":1672352972429,"last_updated_at":"2022-12-29T22:29:32Z"}},"entity":{"notebook":{"kernel":{"name":"python3","display_name":"Python 3.10","language":"python"},"originates_from":{"type":"blank"},"runtime":{"environment":"rt222pys2-f26aa8bb-c6a6-4b0b-bdc9-966dbe216843"}}},"attachments":[{"id":"afd9a4b9-369c-45d8-ba8a-1ceaedda77ff","version":2,"asset_type":"notebook","name":"attachment for notebook 1b70aa38-f105-4e48-8245-9551e542174e","description":"attachment for notebook 1b70aa38-f105-4e48-8245-9551e542174e","mime":"application/json","datasource_type":"193a97c1-4475-4a19-b90c-295c4fdc6517","object_key":"notebook/Complete_the_EDA_with_SQL_lab_nQQAaVuAP.ipynb","creator_id":"IBMid-666002M2T4","create_time":1672342869162,"size":26733,"is_remote":false,"is_managed":false,"is_referenced":true,"is_object_key_read_only":false,"is_user_provided_path_key":true,"transfer_complete":true,"is_partitioned":false,"complete_time_ticks":1672342869162,"user_data":{},"test_doc":0,"handle":{"bucket":"pythonbasicsfordatascienceproject-donotdelete-pr-muicvldsfap33n","location":"eu-geo","type":"bluemix_cos","key":"notebook/Complete_the_EDA_with_SQL_lab_nQQAaVuAP.ipynb","upload_id":"done","max_part_num":1},"usage":{"access_count":16,"last_accessor_id":"IBMid-666002M2T4","last_access_time":1672352965819,"last_updater_id":"IBMid-666002M2T4","last_update_time":1672352965819}}]}
