{"metadata":{"asset_id":"43f7c506-f7b9-446f-aabe-8e209c9f2ffd","asset_attributes":["notebook"],"name":"Machine Learning Prediction Lab","asset_type":"notebook","created_at":"2022-12-29T21:52:42Z","description":"","origin_country":"us","owner_id":"IBMid-666002M2T4","project_id":"f26aa8bb-c6a6-4b0b-bdc9-966dbe216843","size":1010680,"tags":["notebook"],"usage":{"last_update_time":1672351498572,"last_updated_at":"2022-12-29T22:04:58Z"}},"entity":{"notebook":{"kernel":{"name":"python3","display_name":"Python 3.10","language":"python"},"originates_from":{"type":"blank"},"runtime":{"environment":"rt222pys2-f26aa8bb-c6a6-4b0b-bdc9-966dbe216843"}}},"attachments":[{"id":"6d049a32-698b-4b5b-9831-104a2ba39b37","version":2,"asset_type":"notebook","name":"attachment for notebook 43f7c506-f7b9-446f-aabe-8e209c9f2ffd","description":"attachment for notebook 43f7c506-f7b9-446f-aabe-8e209c9f2ffd","mime":"application/json","datasource_type":"193a97c1-4475-4a19-b90c-295c4fdc6517","object_key":"notebook/Machine_Learning_Prediction_Lab_4IXHXBhZa.ipynb","creator_id":"IBMid-666002M2T4","create_time":1672350762576,"size":1010680,"is_remote":false,"is_managed":false,"is_referenced":true,"is_object_key_read_only":false,"is_user_provided_path_key":true,"transfer_complete":true,"is_partitioned":false,"complete_time_ticks":1672350762576,"user_data":{},"test_doc":0,"handle":{"bucket":"pythonbasicsfordatascienceproject-donotdelete-pr-muicvldsfap33n","location":"eu-geo","type":"bluemix_cos","key":"notebook/Machine_Learning_Prediction_Lab_4IXHXBhZa.ipynb","upload_id":"done","max_part_num":1},"usage":{"access_count":6,"last_accessor_id":"IBMid-666002M2T4","last_access_time":1672351495126,"last_updater_id":"IBMid-666002M2T4","last_update_time":1672351495126}}]}
