{"metadata":{"asset_id":"ae287894-edd8-41ed-9baf-2bcf43057cf7","asset_attributes":["notebook"],"name":"Complete the EDA with Visualization lab","asset_type":"notebook","created_at":"2022-12-29T21:38:34Z","description":"","origin_country":"us","owner_id":"IBMid-666002M2T4","project_id":"f26aa8bb-c6a6-4b0b-bdc9-966dbe216843","size":344251,"tags":["notebook"],"usage":{"last_update_time":1672350446971,"last_updated_at":"2022-12-29T21:47:26Z"}},"entity":{"notebook":{"kernel":{"name":"python3","display_name":"Python 3.10","language":"python"},"originates_from":{"type":"blank"},"runtime":{"environment":"rt222pys2-f26aa8bb-c6a6-4b0b-bdc9-966dbe216843"}}},"attachments":[{"id":"5f63b044-0ddf-4609-ad86-f3360aefc2f8","version":2,"asset_type":"notebook","name":"attachment for notebook ae287894-edd8-41ed-9baf-2bcf43057cf7","description":"attachment for notebook ae287894-edd8-41ed-9baf-2bcf43057cf7","mime":"application/json","datasource_type":"193a97c1-4475-4a19-b90c-295c4fdc6517","object_key":"notebook/Complete_the_EDA_with_Visualization_lab_G_Ebm9Jgu.ipynb","creator_id":"IBMid-666002M2T4","create_time":1672349915774,"size":344251,"is_remote":false,"is_managed":false,"is_referenced":true,"is_object_key_read_only":false,"is_user_provided_path_key":true,"transfer_complete":true,"is_partitioned":false,"complete_time_ticks":1672349915774,"user_data":{},"test_doc":0,"handle":{"bucket":"pythonbasicsfordatascienceproject-donotdelete-pr-muicvldsfap33n","location":"eu-geo","type":"bluemix_cos","key":"notebook/Complete_the_EDA_with_Visualization_lab_G_Ebm9Jgu.ipynb","upload_id":"done","max_part_num":1},"usage":{"access_count":5,"last_accessor_id":"IBMid-666002M2T4","last_access_time":1672350446970,"last_updater_id":"IBMid-666002M2T4","last_update_time":1672350446970}}]}
