{"metadata":{"asset_id":"e2193941-0908-4b82-b57a-42bce3383db3","asset_attributes":["notebook"],"name":"Final_Assignment","asset_type":"notebook","created_at":"2022-12-28T15:46:44Z","description":"","origin_country":"us","owner_id":"IBMid-666002M2T4","project_id":"f26aa8bb-c6a6-4b0b-bdc9-966dbe216843","size":546013,"tags":["notebook"],"usage":{"last_update_time":1672342376529,"last_updated_at":"2022-12-29T19:32:56Z"}},"entity":{"notebook":{"kernel":{"name":"python3","display_name":"Python 3.10","language":"python"},"originates_from":{"type":"blank"},"runtime":{"environment":"rt222pys2-f26aa8bb-c6a6-4b0b-bdc9-966dbe216843"}}},"attachments":[{"id":"9568810a-aece-4723-b1e5-b4749a74a55f","version":2,"asset_type":"notebook","name":"attachment for notebook e2193941-0908-4b82-b57a-42bce3383db3","description":"attachment for notebook e2193941-0908-4b82-b57a-42bce3383db3","mime":"application/json","datasource_type":"193a97c1-4475-4a19-b90c-295c4fdc6517","object_key":"notebook/Final_Assignment_pdaUIsa2U.ipynb","creator_id":"IBMid-666002M2T4","create_time":1672242405035,"size":546013,"is_remote":false,"is_managed":false,"is_referenced":true,"is_object_key_read_only":false,"is_user_provided_path_key":true,"transfer_complete":true,"is_partitioned":false,"complete_time_ticks":1672242405035,"user_data":{},"test_doc":0,"handle":{"bucket":"pythonbasicsfordatascienceproject-donotdelete-pr-muicvldsfap33n","location":"eu-geo","type":"bluemix_cos","key":"notebook/Final_Assignment_pdaUIsa2U.ipynb","upload_id":"done","max_part_num":1},"usage":{"access_count":8,"last_accessor_id":"IBMid-666002M2T4","last_access_time":1672342346967,"last_updater_id":"IBMid-666002M2T4","last_update_time":1672342346967}}]}
