{"metadata":{"asset_id":"c55c0ca6-0d9c-4ea1-8065-8a59e56b31d3","asset_attributes":["notebook"],"name":"Data Wrangling","asset_type":"notebook","created_at":"2022-12-29T19:01:53Z","description":"","origin_country":"us","owner_id":"IBMid-666002M2T4","project_id":"f26aa8bb-c6a6-4b0b-bdc9-966dbe216843","size":33934,"tags":["notebook"],"usage":{"last_update_time":1672341839537,"last_updated_at":"2022-12-29T19:23:59Z"}},"entity":{"notebook":{"kernel":{"name":"python3","display_name":"Python 3.10","language":"python"},"originates_from":{"type":"blank"},"runtime":{"environment":"rt222pys2-f26aa8bb-c6a6-4b0b-bdc9-966dbe216843"}}},"attachments":[{"id":"968eb9c3-1788-44ee-8395-b4e12e252732","version":2,"asset_type":"notebook","name":"attachment for notebook c55c0ca6-0d9c-4ea1-8065-8a59e56b31d3","description":"attachment for notebook c55c0ca6-0d9c-4ea1-8065-8a59e56b31d3","mime":"application/json","datasource_type":"193a97c1-4475-4a19-b90c-295c4fdc6517","object_key":"notebook/Data_Wrangling_dAiiUb-YO.ipynb","creator_id":"IBMid-666002M2T4","create_time":1672340514515,"size":33934,"is_remote":false,"is_managed":false,"is_referenced":true,"is_object_key_read_only":false,"is_user_provided_path_key":true,"transfer_complete":true,"is_partitioned":false,"complete_time_ticks":1672340514515,"user_data":{},"test_doc":0,"handle":{"bucket":"pythonbasicsfordatascienceproject-donotdelete-pr-muicvldsfap33n","location":"eu-geo","type":"bluemix_cos","key":"notebook/Data_Wrangling_dAiiUb-YO.ipynb","upload_id":"done","max_part_num":1},"usage":{"access_count":6,"last_accessor_id":"IBMid-666002M2T4","last_access_time":1672341727584,"last_updater_id":"IBMid-666002M2T4","last_update_time":1672341727584}}]}
